{"train/clip_fraction":0.04144965,"rollout/ep_len_mean":2,"train/explained_variance":0.0022704601,"train/std":0.9991604,"train/value_loss":63.69583,"train/learning_rate":0.0003,"global_step":18432,"train/approx_kl":0.004488868,"_step":41,"train/entropy_loss":-9.940591,"rollout/ep_rew_mean":1.99,"_runtime":1600.866844408,"_wandb":{"runtime":1717},"train/loss":67.49483,"time/fps":11,"train/clip_range":0.2,"train/policy_gradient_loss":-0.002809896,"_timestamp":1.7451940922819624e+09}