{"rollout/ep_len_mean":2.96,"_timestamp":1.7451851985522346e+09,"global_step":368640,"train/policy_gradient_loss":-0.0050641014,"train/loss":295.79926,"train/learning_rate":0.0003,"train/entropy_loss":-9.970061,"train/explained_variance":0.0020861626,"_step":119,"time/fps":22,"train/clip_range":0.2,"_runtime":16678.918840257,"train/value_loss":133.54161,"train/approx_kl":0.011154767,"train/clip_fraction":0.14000109,"_wandb":{"runtime":17051},"train/std":1.0063368,"rollout/ep_rew_mean":-1.7832624}