{"rollout/ep_len_mean":2,"train/value_loss":0.024564631,"global_step":32768,"_wandb":{"runtime":196},"train/entropy_loss":-10.621096,"rollout/ep_rew_mean":1.515796,"_timestamp":1.7451656191793342e+09,"train/policy_gradient_loss":-0.0043061874,"train/clip_range":0.2,"train/learning_rate":0.0003,"_step":671,"train/loss":0.005609493,"time/fps":207,"train/approx_kl":0.01712298,"_runtime":192.223797067,"train/explained_variance":0,"train/clip_fraction":0.1451172,"train/std":1.1084789}