{"train/learning_rate":0.0003,"global_step":38912,"rollout/ep_rew_mean":56.367786,"train/clip_range":0.2,"train/loss":47.41379,"_runtime":1740.653384462,"train/entropy_loss":-9.709607,"_step":236,"train/value_loss":89.53113,"_wandb":{"runtime":1806},"train/approx_kl":0.046213496,"train/clip_fraction":0.39003906,"train/explained_variance":0.0858444,"rollout/ep_len_mean":71.11,"train/policy_gradient_loss":-0.067972556,"train/std":0.9670798,"time/fps":22,"_timestamp":1.7451681105706556e+09}