{"train/clip_fraction":0.053700086,"train/clip_range":0.2,"_step":28,"train/value_loss":0.20132257,"train/explained_variance":0.72463274,"train/approx_kl":0.0058466787,"rollout/ep_len_mean":2.0714285,"rollout/ep_rew_mean":-26.391647,"global_step":221184,"train/entropy_loss":-9.8964205,"train/std":0.9947797,"train/loss":0.029864583,"_timestamp":1.7451672750515916e+09,"train/policy_gradient_loss":-9.743082e-05,"train/learning_rate":0.0003,"_wandb":{"runtime":405},"time/fps":677,"_runtime":331.771233477}