{"_timestamp":1.745187600468235e+09,"_runtime":1945.844340312,"_step":2,"rollout/ep_rew_mean":3.0451577,"time/fps":2,"_wandb":{"runtime":3918},"rollout/ep_len_mean":2,"global_step":4608}